<?xml version="1.0" encoding="UTF-8"?>
<!--
~  Copyright (c) 2018, WSO2 Inc. (http://wso2.com) All Rights Reserved.
~
~  WSO2 Inc. licenses this file to you under the Apache License,
~  Version 2.0 (the "License"); you may not use this file except
~  in compliance with the License.
~  You may obtain a copy of the License at
~
~   http://www.apache.org/licenses/LICENSE-2.0
~
~  Unless required by applicable law or agreed to in writing,
~  software distributed under the License is distributed on an
~  "AS IS" BASIS, WITHOUT WARRANTIES OR CONDITIONS OF ANY
~  KIND, either express or implied.  See the License for the
~  specific language governing permissions and limitations
~  under the License.
-->
<template name="searchContract" xmlns="http://ws.apache.org/ns/synapse">
    <parameter name="id" description="The logical resource id associated with the resource."/>
    <parameter name="actor" description="The actor (RelatedPerson) of the Contract"/>
    <parameter name="actorIdentifier" description="The identifier for the actor of the Contract"/>
    <parameter name="patientIdentifier" description="The identifier for the patient subject of the Contract."/>
    <parameter name="subject" description="Who care plan is for."/>
    <parameter name="includeActor" description="Actor resource entries to be returned as part of the bundle"/>
    <parameter name="includePatient" description="Patient resource entries to be returned as part of the bundle"/>
    <sequence>
        <property name="uri.var.id" expression="$func:id"/>
        <property name="uri.var.actor" expression="$func:actor"/>
        <property name="uri.var.actorIdentifier" expression="$func:actorIdentifier"/>
        <property name="uri.var.patientIdentifier" expression="$func:patientIdentifier"/>
        <property name="uri.var.subject" expression="$func:subject"/>
        <property name="uri.var.includeActor" expression="$func:includeActor"/>
        <property name="uri.var.includePatient" expression="$func:includePatient"/>
        <script language="js">
            <![CDATA[
            var id = mc.getProperty('uri.var.id');
            var actor = mc.getProperty('uri.var.actor');
            var actorIdentifier = mc.getProperty('uri.var.actorIdentifier');
            var patientIdentifier = mc.getProperty('uri.var.patientIdentifier');
            var subject = mc.getProperty('uri.var.subject');
            var includeActor = mc.getProperty('uri.var.includeActor');
            var includePatient = mc.getProperty('uri.var.includePatient');
            urlQuery = '';
            if  (id != null && id != "") {
                urlQuery += '_id=' + id + '&';
            }
            if  (actor != null && actor != "") {
                urlQuery += 'actor:RelatedPerson=' + actor + '&';
            }
            if  (actorIdentifier != null && actorIdentifier != "") {
                urlQuery += 'actor.identifier=' + actorIdentifier + '&';
            }
            if  (patientIdentifier != null && patientIdentifier != "") {
                urlQuery += 'patient.identifier=' + patientIdentifier + '&';
            }
            if  (subject != null && subject != "") {
                urlQuery += 'subject:Patient=' + subject + '&';
            }
            if  (includeActor != null && includeActor != "") {
                urlQuery += '_include=Contract:' + includeActor + '&';
            }
            if  (includePatient != null && includePatient != "") {
                urlQuery += '_include=Contract:' + includePatient + '&';
            }
            if  (urlQuery != null && urlQuery  != "") {
                urlQuery = '?' + urlQuery.toString().substring(0, urlQuery.toString().lastIndexOf("&"));
            }
            mc.setProperty('uri.var.urlQuery',urlQuery);
              ]]>
        </script>
        <header name="Accept" scope="transport" value="application/json+fhir"/>
        <call>
            <endpoint>
                <http method="GET"
                      uri-template="{uri.var.base}/Contract{+uri.var.urlQuery}"/>
            </endpoint>
        </call>
    </sequence>
</template>
