<?xml version="1.0" encoding="UTF-8"?>
<!--
~  Copyright (c) 2018, WSO2 Inc. (http://wso2.com) All Rights Reserved.
~
~  WSO2 Inc. licenses this file to you under the Apache License,
~  Version 2.0 (the "License"); you may not use this file except
~  in compliance with the License.
~  You may obtain a copy of the License at
~
~   http://www.apache.org/licenses/LICENSE-2.0
~
~  Unless required by applicable law or agreed to in writing,
~  software distributed under the License is distributed on an
~  "AS IS" BASIS, WITHOUT WARRANTIES OR CONDITIONS OF ANY
~  KIND, either express or implied.  See the License for the
~  specific language governing permissions and limitations
~  under the License.
-->
<template name="searchDiagnosticReport" xmlns="http://ws.apache.org/ns/synapse">
    <parameter name="patient" description="The subject of the report if a patient."/>
    <parameter name="subject" description="The subject (Patient) of the report. "/>
    <parameter name="startDate" description="initial date /starting date of the Diagnostic Report"/>
    <parameter name="endDate" description="end Date of the Diagnostic report"/>
    <parameter name="count" description="The maximum number of results to return per page"/>
    <sequence>
        <property name="uri.var.patient" expression="$func:patient"/>
        <property name="uri.var.subject" expression="$func:subject"/>
        <property name="uri.var.startDate" expression="$func:startDate"/>
        <property name="uri.var.endDate" expression="$func:endDate"/>
        <property name="uri.var.count" expression="$func:count"/>
        <filter source="boolean($ctx:uri.var.patient) or boolean($ctx:uri.var.subject)" regex="false">
            <then>
                <log category="ERROR" description="FAULT" level="custom">
                    <property name="ERROR" value="No supported Mandatory search parameters provided"/>
                </log>
                <payloadFactory media-type="json">
                    <format>{ "Error":{ "errorType":"InvalidParameter","details":"at least one of the id and patient
                        parameters must be provided " } }
                    </format>
                    <args/>
                </payloadFactory>
                <header name="To" scope="default" action="remove"/>
                <property name="RESPONSE" value="true" scope="default" type="STRING"/>
                <property name="HTTP_SC" value="400" scope="axis2" type="STRING"/>
                <send/>
            </then>
            <else>
            <script language="js">
                <![CDATA[
                var patient = mc.getProperty('uri.var.patient');
                var subject = mc.getProperty('uri.var.subject');
                var startDate = mc.getProperty('uri.var.startDate');
                var endDate = mc.getProperty('uri.var.endDate');
                var count = mc.getProperty('uri.var.count');
                urlQuery = '';
                if  (patient != null && patient != "") {
                    urlQuery += 'patient=' + patient + '&';
                }
                if  (subject != null && subject != "") {
                    urlQuery += 'subject:Patient=' + subject + '&';
                }
                if  (startDate != null && startDate != "") {
                    urlQuery += 'date=ge' + startDate + '&';
                }
                if  (endDate != null && endDate != "") {
                    urlQuery += 'date=le' + endDate + '&';
                }
                if  (count != null && count != "") {
                    urlQuery += '_count=' + count + '&';
                }
                if  (urlQuery != null && urlQuery  != "") {
                    urlQuery = '?' + urlQuery.toString().substring(0, urlQuery.toString().lastIndexOf("&"));
                }
                mc.setProperty('uri.var.urlQuery',urlQuery);
                  ]]>
            </script>
                <header name="Accept" scope="transport" value="application/json+fhir"/>
                <call>
                    <endpoint>
                        <http method="GET"
                              uri-template="{uri.var.base}/DiagnosticReport{+uri.var.urlQuery}"/>
                    </endpoint>
                </call>
            </else>
        </filter>
    </sequence>
</template>
