<?xml version="1.0" encoding="UTF-8"?>
<!--
~  Copyright (c) 2018, WSO2 Inc. (http://wso2.com) All Rights Reserved.
~
~  WSO2 Inc. licenses this file to you under the Apache License,
~  Version 2.0 (the "License"); you may not use this file except
~  in compliance with the License.
~  You may obtain a copy of the License at
~
~   http://www.apache.org/licenses/LICENSE-2.0
~
~  Unless required by applicable law or agreed to in writing,
~  software distributed under the License is distributed on an
~  "AS IS" BASIS, WITHOUT WARRANTIES OR CONDITIONS OF ANY
~  KIND, either express or implied.  See the License for the
~  specific language governing permissions and limitations
~  under the License.
-->
<template name="searchDocumentReference" xmlns="http://ws.apache.org/ns/synapse">
    <parameter name="id" description="The logical resource id associated with the resource."/>
    <parameter name="patient" description="The patient to which the document reference belongs"/>
    <parameter name="subject" description="The subject of the document reference. Must represent a Patient resource."/>
    <parameter name="encounter"
               description="The encounter to which the document reference belongs. Must represent an Encounter resource."/>
    <parameter name="createdEarliest" description="A date/time the referenced document was created.(starting date) "/>
    <parameter name="createdLatest" description="A date/time the referenced document was created.(end Date) "/>
    <parameter name="count" description="The maximum number of results to return."/>
    <sequence>
        <property name="uri.var.id" expression="$func:id"/>
        <property name="uri.var.patient" expression="$func:patient"/>
        <property name="uri.var.subject" expression="$func:subject"/>
        <property name="uri.var.encounter" expression="$func:encounter"/>
        <property name="uri.var.createdEarliest" expression="$func:createdEarliest"/>
        <property name="uri.var.createdLatest" expression="$func:createdLatest"/>
        <property name="uri.var.count" expression="$func:count"/>
        <filter source="boolean($ctx:uri.var.id) or boolean($ctx:uri.var.subject) or boolean($ctx:uri.var.patient)"
                regex="false">
            <then>
                <log category="ERROR" description="FAULT" level="custom">
                    <property name="ERROR" value="No supported Mandatory search parameters provided"/>
                </log>
                <payloadFactory media-type="json">
                    <format>{ "Error":{ "errorType":"InvalidParameter","details":"at least one of the id, patient and
                        subject parameters must be provided " } }
                    </format>
                    <args/>
                </payloadFactory>
                <header name="To" scope="default" action="remove"/>
                <property name="RESPONSE" value="true" scope="default" type="STRING"/>
                <property name="HTTP_SC" value="400" scope="axis2" type="STRING"/>
                <send/>
            </then>
            <else>
                <script language="js">
                    <![CDATA[
                    var id = mc.getProperty('uri.var.id');
                    var patient = mc.getProperty('uri.var.patient');
                    var subject = mc.getProperty('uri.var.subject');
                    var encounter = mc.getProperty('uri.var.encounter');
                    var createdEarliest = mc.getProperty('uri.var.createdEarliest');
                    var createdLatest = mc.getProperty('uri.var.createdLatest');
                    var count = mc.getProperty('uri.var.count');
                    urlQuery = '';
                    if  (id != null && id != "") {
                        urlQuery += '_id=' + id + '&';
                    }
                    if  (patient != null && patient != "") {
                        urlQuery += 'patient=' + patient + '&';
                    }
                    if  (subject != null && subject != "") {
                        urlQuery += 'subject:Patient=' + subject + '&';
                    }
                    if  (encounter != null && encounter != "") {
                        urlQuery += 'encounter=' + encounter + '&';
                    }
                    if  (createdEarliest != null && createdEarliest != "") {
                        urlQuery += 'created=ge' + createdEarliest + '&';
                    }
                    if  (createdLatest != null && createdLatest != "") {
                        urlQuery += 'created=le' + createdLatest + '&';
                    }
                    if  (count != null && count != "") {
                        urlQuery += '_count=' + count + '&';
                    }
                    if  (urlQuery != null && urlQuery  != "") {
                        urlQuery = '?' + urlQuery.toString().substring(0, urlQuery.toString().lastIndexOf("&"));
                    }
                    mc.setProperty('uri.var.urlQuery',urlQuery);
                      ]]>
                </script>
                <header name="Accept" scope="transport" value="application/json+fhir"/>
                <call>
                    <endpoint>
                        <http method="GET"
                              uri-template="{uri.var.base}/DocumentReference{+uri.var.urlQuery}"/>
                    </endpoint>
                </call>
            </else>
        </filter>
    </sequence>
</template>
