<?xml version="1.0" encoding="UTF-8"?>
<!--
~  Copyright (c) 2018, WSO2 Inc. (http://wso2.com) All Rights Reserved.
~
~  WSO2 Inc. licenses this file to you under the Apache License,
~  Version 2.0 (the "License"); you may not use this file except
~  in compliance with the License.
~  You may obtain a copy of the License at
~
~   http://www.apache.org/licenses/LICENSE-2.0
~
~  Unless required by applicable law or agreed to in writing,
~  software distributed under the License is distributed on an
~  "AS IS" BASIS, WITHOUT WARRANTIES OR CONDITIONS OF ANY
~  KIND, either express or implied.  See the License for the
~  specific language governing permissions and limitations
~  under the License.
-->
<template name="searchBinary" xmlns="http://ws.apache.org/ns/synapse">
    <parameter name="patient" description="A reference to the patient that is the subject of the CCD."/>
    <parameter name="start" description="The start of the date range for which the CCD is to be generated"/>
    <parameter name="end" description="The end of the date range for which the CCD is to be generated."/>
    <sequence>
        <property name="uri.var.patient" expression="$func:patient"/>
        <property name="uri.var.start" expression="$func:start"/>
        <property name="uri.var.end" expression="$func:end"/>
        <filter source="boolean($ctx:uri.var.patient)" regex="false">
            <then>
                <log category="ERROR" description="FAULT" level="custom">
                    <property name="ERROR" value="No supported Mandatory search parameters provided"/>
                </log>
                <payloadFactory media-type="json">
                    <format>{ "Error":{ "errorType":"InvalidParameter","details":"at least the patient parameter must be
                        provided " } }
                    </format>
                    <args/>
                </payloadFactory>
                <header name="To" scope="default" action="remove"/>
                <property name="RESPONSE" value="true" scope="default" type="STRING"/>
                <property name="HTTP_SC" value="400" scope="axis2" type="STRING"/>
                <send/>
            </then>
            <else>
                <script language="js">
                    <![CDATA[
                    var patient = mc.getProperty('uri.var.patient');
                    var start = mc.getProperty('uri.var.start');
                    var end = mc.getProperty('uri.var.end');
                    urlQuery = '';
                    if  (patient != null && patient != "") {
                        urlQuery += 'patient=' + patient + '&';
                    }
                    if  (start != null && start != "") {
                        urlQuery += 'start=' + start + '&';
                    }
                    if  (end != null && end != "") {
                        urlQuery += 'end=' + end + '&';
                    }
                    if  (urlQuery != null && urlQuery  != "") {
                        urlQuery = '?' + urlQuery.toString().substring(0, urlQuery.toString().lastIndexOf("&"));
                    }
                    mc.setProperty('uri.var.urlQuery',urlQuery);
                      ]]>
                </script>
                <header name="Accept" scope="transport" value="application/json+fhir"/>
                <call>
                    <endpoint>
                        <http method="GET"
                              uri-template="{uri.var.base}/Binary/$autogen-ccd-if{+uri.var.urlQuery}"/>
                    </endpoint>
                </call>
            </else>
        </filter>
    </sequence>
</template>
